ra,dec,searchString,canonicalName,radius,objName,objAltName1,objAltName2,objAltName3,objID,uniquePspsOBid,ippObjID,surveyID,htmID,zoneID,tessID,projectionID,skyCellID,randomID,batchID,dvoRegionID,processingVersion,objInfoFlag,qualityFlag,raStack,decStack,raStackErr,decStackErr,raMean,decMean,raMeanErr,decMeanErr,epochMean,posMeanChisq,cx,cy,cz,lambda,beta,l,b,nStackObjectRows,nStackDetections,nDetections,ng,nr,ni,nz,ny,gQfPerfect,gMeanPSFMag,gMeanPSFMagErr,gMeanPSFMagStd,gMeanPSFMagNpt,gMeanPSFMagMin,gMeanPSFMagMax,gMeanKronMag,gMeanKronMagErr,gMeanKronMagStd,gMeanKronMagNpt,gMeanApMag,gMeanApMagErr,gMeanApMagStd,gMeanApMagNpt,gFlags,rQfPerfect,rMeanPSFMag,rMeanPSFMagErr,rMeanPSFMagStd,rMeanPSFMagNpt,rMeanPSFMagMin,rMeanPSFMagMax,rMeanKronMag,rMeanKronMagErr,rMeanKronMagStd,rMeanKronMagNpt,rMeanApMag,rMeanApMagErr,rMeanApMagStd,rMeanApMagNpt,rFlags,iQfPerfect,iMeanPSFMag,iMeanPSFMagErr,iMeanPSFMagStd,iMeanPSFMagNpt,iMeanPSFMagMin,iMeanPSFMagMax,iMeanKronMag,iMeanKronMagErr,iMeanKronMagStd,iMeanKronMagNpt,iMeanApMag,iMeanApMagErr,iMeanApMagStd,iMeanApMagNpt,iFlags,zQfPerfect,zMeanPSFMag,zMeanPSFMagErr,zMeanPSFMagStd,zMeanPSFMagNpt,zMeanPSFMagMin,zMeanPSFMagMax,zMeanKronMag,zMeanKronMagErr,zMeanKronMagStd,zMeanKronMagNpt,zMeanApMag,zMeanApMagErr,zMeanApMagStd,zMeanApMagNpt,zFlags,yQfPerfect,yMeanPSFMag,yMeanPSFMagErr,yMeanPSFMagStd,yMeanPSFMagNpt,yMeanPSFMagMin,yMeanPSFMagMax,yMeanKronMag,yMeanKronMagErr,yMeanKronMagStd,yMeanKronMagNpt,yMeanApMag,yMeanApMagErr,yMeanApMagStd,yMeanApMagNpt,yFlags,distance
333.697327,-17.5319,333.697327 -17.531900,Equatorial Coord 333.697327  -17.531900  J2000,0.000833333,PSO J333.6973-17.5319,-999,-999,-999,86963336973452074,3565211000108278,479923940732721,0,12745562965952,8696,1,960,67,0.664437889740279,3565211,111741,3,1343750144,160,333.69734473,-17.53189673,0.0010000000474974513,0.0010000000474974513,333.69734473,-17.53189673,0.0010000000474974513,0.0010000000474974513,56074.28282407,-999.0,0.8548245165777933,-0.42252988355680265,-0.3012366899283962,329.3034191058315,-6.217703293654073,39.471614808460714,-52.69004142580284,-999,1,0,0,0,0,0,0,-999.0,-999.0,-999.0,-999.0,0,-999.0,-999.0,-999.0,-999.0,-999.0,0,-999.0,-999.0,-999.0,0,16416,-999.0,-999.0,-999.0,-999.0,0,-999.0,-999.0,-999.0,-999.0,-999.0,0,-999.0,-999.0,-999.0,0,16416,-999.0,-999.0,-999.0,-999.0,0,-999.0,-999.0,-999.0,-999.0,-999.0,0,-999.0,-999.0,-999.0,0,114720,-999.0,-999.0,-999.0,-999.0,0,-999.0,-999.0,-999.0,-999.0,-999.0,0,-999.0,-999.0,-999.0,0,16416,-999.0,-999.0,-999.0,-999.0,0,-999.0,-999.0,-999.0,-999.0,-999.0,0,-999.0,-999.0,-999.0,0,16416,1.7219764758946778e-05
333.856049,-17.245159,333.856049 -17.245159,Equatorial Coord 333.856049  -17.245159  J2000,0.000833333,PSO J333.8552-17.2449,-999,-999,-999,87303338552336479,3565252000128230,479941120621647,0,12736880154531,8730,1,960,67,0.733183157381772,3565252,111745,3,1343750144,160,333.85523329,-17.24489136,0.0010000000474974513,0.0010000000474974513,333.85523329,-17.24489136,0.0010000000474974513,0.0010000000474974513,56035.01491898,-999.0,0.8573294406394177,-0.4208322946471435,-0.29645642174681086,329.54844669284864,-6.003889506896384,40.0041153182242,-52.72124344143662,-999,1,0,0,0,0,0,0,-999.0,-999.0,-999.0,-999.0,0,-999.0,-999.0,-999.0,-999.0,-999.0,0,-999.0,-999.0,-999.0,0,114720,-999.0,-999.0,-999.0,-999.0,0,-999.0,-999.0,-999.0,-999.0,-999.0,0,-999.0,-999.0,-999.0,0,0,-999.0,-999.0,-999.0,-999.0,0,-999.0,-999.0,-999.0,-999.0,-999.0,0,-999.0,-999.0,-999.0,0,0,-999.0,-999.0,-999.0,-999.0,0,-999.0,-999.0,-999.0,-999.0,-999.0,0,-999.0,-999.0,-999.0,0,0,-999.0,-999.0,-999.0,-999.0,0,-999.0,-999.0,-999.0,-999.0,-999.0,0,-999.0,-999.0,-999.0,0,0,0.0008237323519713683
333.856049,-17.245159,333.856049 -17.245159,Equatorial Coord 333.856049  -17.245159  J2000,0.000833333,PSO J333.8556-17.2450,-999,-999,-999,87303338555636239,3565252000128236,479941120621653,0,12736880154621,8730,1,960,67,0.708891697888162,3565252,111745,3,404226048,48,333.85562608,-17.24504445,0.0010000000474974513,0.0010000000474974513,333.85562608,-17.24504445,0.0010000000474974513,0.0010000000474974513,56084.09980324,-999.0,0.8573316145572756,-0.4208260682013103,-0.2964589735576264,329.5487434724515,-6.0041670793454,40.0041172229307,-52.72164860759886,-999,2,0,0,0,0,0,0,-999.0,-999.0,-999.0,-999.0,0,-999.0,-999.0,-999.0,-999.0,-999.0,0,-999.0,-999.0,-999.0,0,0,-999.0,-999.0,-999.0,-999.0,0,-999.0,-999.0,-999.0,-999.0,-999.0,0,-999.0,-999.0,-999.0,0,16416,-999.0,-999.0,-999.0,-999.0,0,-999.0,-999.0,-999.0,-999.0,-999.0,0,-999.0,-999.0,-999.0,0,114720,-999.0,-999.0,-999.0,-999.0,0,-999.0,-999.0,-999.0,-999.0,-999.0,0,-999.0,-999.0,-999.0,0,114720,-999.0,-999.0,-999.0,-999.0,0,-999.0,-999.0,-999.0,-999.0,-999.0,0,-999.0,-999.0,-999.0,0,16416,0.0004198370840924327
333.856049,-17.245159,333.856049 -17.245159,Equatorial Coord 333.856049  -17.245159  J2000,0.000833333,PSO J333.8561-17.2451,-999,-999,-999,87303338560866211,3565252000096639,479941120588161,0,12736880154427,8730,1,960,67,0.608340561025162,3565252,111745,3,302067712,36,-999.0,-999.0,-999.0,-999.0,333.85614286,-17.24514681,0.18921999633312225,0.18921999633312225,56094.60684028,-999.0,0.857334934723532,-0.4208181021014981,-0.29646067976426516,329.5491696961091,-6.004439822216227,40.004270970105985,-52.72214398196361,-999,0,1,0,0,0,1,0,-999.0,-999.0,-999.0,-999.0,0,-999.0,-999.0,-999.0,-999.0,-999.0,0,-999.0,-999.0,-999.0,0,0,-999.0,-999.0,-999.0,-999.0,0,-999.0,-999.0,-999.0,-999.0,-999.0,0,-999.0,-999.0,-999.0,0,0,-999.0,-999.0,-999.0,-999.0,0,-999.0,-999.0,-999.0,-999.0,-999.0,0,-999.0,-999.0,-999.0,0,0,0.9983770251274109,20.817399978637695,0.18862000107765198,-999.0,1,20.817399978637695,20.817399978637695,20.568300247192383,0.3068639934062958,-999.0,1,20.569700241088867,0.18862000107765198,-999.0,1,280,-999.0,-999.0,-999.0,-999.0,0,-999.0,-999.0,-999.0,-999.0,-999.0,0,-999.0,-999.0,-999.0,0,0,9.04655738639548e-05
333.856049,-17.245159,333.856049 -17.245159,Equatorial Coord 333.856049  -17.245159  J2000,0.000833333,PSO J333.8565-17.2451,-999,-999,-999,87303338565126197,3565252000128251,479941120621668,0,12736880154247,8730,1,960,67,0.728543037295847,3565252,111745,3,1343750144,160,333.85651237,-17.24513021,0.0010000000474974513,0.0010000000474974513,333.85651237,-17.24513021,0.0010000000474974513,0.0010000000474974513,55980.71178241,-999.0,0.8573377257361672,-0.4208126108430893,-0.2964604030641516,329.5495068728873,-6.004551037857589,40.00451800130354,-52.72246402330544,-999,1,0,0,0,0,0,0,-999.0,-999.0,-999.0,-999.0,0,-999.0,-999.0,-999.0,-999.0,-999.0,0,-999.0,-999.0,-999.0,0,16416,-999.0,-999.0,-999.0,-999.0,0,-999.0,-999.0,-999.0,-999.0,-999.0,0,-999.0,-999.0,-999.0,0,16416,-999.0,-999.0,-999.0,-999.0,0,-999.0,-999.0,-999.0,-999.0,-999.0,0,-999.0,-999.0,-999.0,0,16416,-999.0,-999.0,-999.0,-999.0,0,-999.0,-999.0,-999.0,-999.0,-999.0,0,-999.0,-999.0,-999.0,0,114720,-999.0,-999.0,-999.0,-999.0,0,-999.0,-999.0,-999.0,-999.0,-999.0,0,-999.0,-999.0,-999.0,0,16416,0.0004434747322627918
215.277252,52.750507,215.277252 52.750507,Equatorial Coord 215.277252  +52.750507  J2000,0.000833333,PSO J215.2777+52.7506,-999,-999,-999,171302152777371313,3499117000111758,307871845826360,0,15154743919437,17130,1,2382,16,0.807426649897757,3499117,71682,3,404226048,48,215.27773927,52.75055285,0.0010000000474974513,0.0010000000474974513,215.27773927,52.75055285,0.0010000000474974513,0.0010000000474974513,56044.99765046,-999.0,-0.4941327643328214,-0.34957735206598306,0.7960078430111981,180.47507006893133,60.38630045854651,95.94503049634959,59.42363778811243,-999,2,0,0,0,0,0,0,-999.0,-999.0,-999.0,-999.0,0,-999.0,-999.0,-999.0,-999.0,-999.0,0,-999.0,-999.0,-999.0,0,16416,-999.0,-999.0,-999.0,-999.0,0,-999.0,-999.0,-999.0,-999.0,-999.0,0,-999.0,-999.0,-999.0,0,16416,-999.0,-999.0,-999.0,-999.0,0,-999.0,-999.0,-999.0,-999.0,-999.0,0,-999.0,-999.0,-999.0,0,114720,-999.0,-999.0,-999.0,-999.0,0,-999.0,-999.0,-999.0,-999.0,-999.0,0,-999.0,-999.0,-999.0,0,114720,-999.0,-999.0,-999.0,-999.0,0,-999.0,-999.0,-999.0,-999.0,-999.0,0,-999.0,-999.0,-999.0,0,16416,0.00029848057676055994
215.277252,52.750507,215.277252 52.750507,Equatorial Coord 215.277252  +52.750507  J2000,0.000833333,PSO J215.2781+52.7511,-999,-999,-999,171302152781002083,3499117000080580,307871845792453,0,15154743919454,17130,1,2382,16,0.301247758140087,3499117,71682,3,268959744,32,-999.0,-999.0,-999.0,-999.0,215.27814184,52.75113871,0.20081999897956848,0.20081999897956848,55692.32965278,-999.0,-0.49412366349864617,-0.3495761230625434,0.7960140321346341,180.47466263120464,60.386902182011845,95.94544215231303,59.42303882604113,-999,0,1,0,1,0,0,0,-999.0,-999.0,-999.0,-999.0,0,-999.0,-999.0,-999.0,-999.0,-999.0,0,-999.0,-999.0,-999.0,0,0,0.6172230243682861,21.553199768066406,0.20025500655174255,-999.0,1,21.553199768066406,21.553199768066406,20.77989959716797,0.08516000211238861,-999.0,1,23.36680030822754,0.20025500655174255,-999.0,1,4120,-999.0,-999.0,-999.0,-999.0,0,-999.0,-999.0,-999.0,-999.0,-999.0,0,-999.0,-999.0,-999.0,0,0,-999.0,-999.0,-999.0,-999.0,0,-999.0,-999.0,-999.0,-999.0,-999.0,0,-999.0,-999.0,-999.0,0,0,-999.0,-999.0,-999.0,-999.0,0,-999.0,-999.0,-999.0,-999.0,-999.0,0,-999.0,-999.0,-999.0,0,0,0.0008301520771990643
215.277252,52.750507,215.277252 52.750507,Equatorial Coord 215.277252  +52.750507  J2000,0.000833333,PSO J215.2784+52.7503,-999,-999,-999,171302152783751084,3499117000080605,307871845792478,0,15154743889992,17130,1,2382,16,0.948019210200775,3499117,71682,3,302067712,36,-999.0,-999.0,-999.0,-999.0,215.27844541,52.7503118,0.18640999495983124,0.18640999495983124,56043.45853009,-999.0,-0.49413118982496324,-0.34958537611735474,0.7960052964943473,180.47604260333793,60.38639964089021,95.94408846779264,59.4235321433081,-999,0,1,0,1,0,0,0,-999.0,-999.0,-999.0,-999.0,0,-999.0,-999.0,-999.0,-999.0,-999.0,0,-999.0,-999.0,-999.0,0,0,0.999114990234375,21.48979949951172,0.18580399453639984,-999.0,1,21.48979949951172,21.48979949951172,-999.0,-999.0,-999.0,1,21.150299072265625,0.18580399453639984,-999.0,1,280,-999.0,-999.0,-999.0,-999.0,0,-999.0,-999.0,-999.0,-999.0,-999.0,0,-999.0,-999.0,-999.0,0,0,-999.0,-999.0,-999.0,-999.0,0,-999.0,-999.0,-999.0,-999.0,-999.0,0,-999.0,-999.0,-999.0,0,0,-999.0,-999.0,-999.0,-999.0,0,-999.0,-999.0,-999.0,-999.0,-999.0,0,-999.0,-999.0,-999.0,0,0,0.0007482665534262932
333.875488,-18.215502,333.875488 -18.215502,Equatorial Coord 333.875488  -18.215502  J2000,0.000833333,PSO J333.8758-18.2156,-999,-999,-999,86143338758011609,3565326000081594,479906760834745,0,12731375388112,8614,1,960,47,0.685764956926708,3565326,111737,3,268959744,32,-999.0,-999.0,-999.0,-999.0,333.87580082,-18.21561199,0.329010009765625,0.329010009765625,56093.61886574,-999.0,0.8528480647718685,-0.41825270135395803,-0.31259375589572425,329.21573903809946,-6.916792405842736,38.52127836584027,-53.099468489706396,-999,0,1,0,0,0,0,1,-999.0,-999.0,-999.0,-999.0,0,-999.0,-999.0,-999.0,-999.0,-999.0,0,-999.0,-999.0,-999.0,0,0,-999.0,-999.0,-999.0,-999.0,0,-999.0,-999.0,-999.0,-999.0,-999.0,0,-999.0,-999.0,-999.0,0,0,-999.0,-999.0,-999.0,-999.0,0,-999.0,-999.0,-999.0,-999.0,-999.0,0,-999.0,-999.0,-999.0,0,0,-999.0,-999.0,-999.0,-999.0,0,-999.0,-999.0,-999.0,-999.0,-999.0,0,-999.0,-999.0,-999.0,0,0,0.5636289715766907,20.44059944152832,0.32867100834846497,-999.0,1,20.44059944152832,20.44059944152832,-999.0,-999.0,-999.0,0,-999.0,-999.0,-999.0,0,4120,0.0003168472642552594
150.43425,2.713314,150.434250 2.713314,Equatorial Coord 150.434250  +2.713314  J2000,0.000833333,PSO J150.4337+02.7136,-999,-999,-999,111251504336886718,3562260000031475,59377922898675,0,15559832611765,11125,1,1360,68,0.409228324339938,3562260,13825,3,444915712,53,150.43370905,2.71361656,0.0010000000474974513,0.0010000000474974513,150.4336644,2.71362396,0.025690000504255295,0.028839999809861183,56014.7340625,2.0596001148223877,-0.8688096600074952,0.492877594679467,0.04734396836603116,151.5349744941335,-8.778686048979157,236.50776711460435,42.67176218635283,-999,4,39,1,7,16,13,2,0.9990350008010864,22.80769920349121,0.1815209984779358,-999.0,1,22.80769920349121,22.80769920349121,22.869600296020508,0.24244600534439087,-999.0,1,22.550500869750977,0.1815209984779358,-999.0,1,16696,0.998494029045105,22.262100219726562,0.03840399906039238,0.14579300582408905,7,22.14240074157715,22.54560089111328,22.211299896240234,0.08703900128602982,0.3436700105667114,7,22.085399627685547,0.07375200092792511,0.24028900265693665,7,115000,0.9995520114898682,20.96299934387207,0.03262700140476227,0.1589049994945526,14,20.70490074157715,21.21780014038086,20.494800567626953,0.06799200177192688,0.25701799988746643,14,20.482999801635742,0.05413699895143509,0.21554400026798248,14,16892216,0.9991679787635803,20.42690086364746,0.06815800070762634,0.22244000434875488,13,20.166000366210938,20.83099937438965,20.195199966430664,0.051329001784324646,0.2462259978055954,13,20.099899291992188,0.07652299851179123,0.2860740125179291,13,16892216,0.9984909892082214,20.249399185180664,0.11740099638700485,0.16688400506973267,2,20.120100021362305,20.354900360107422,20.023000717163086,0.17673300206661224,0.26894301176071167,2,19.830699920654297,0.08228799700737,0.11693599820137024,2,115000,0.0006619924427928443
215.283203,52.974792,215.283203 52.974792,Equatorial Coord 215.283203  +52.974792  J2000,0.000833333,PSO J215.2832+52.9747,-999,-999,-999,171572152831640384,3499117000080897,307871845792770,0,15154752777869,17157,1,2382,26,0.873891242662343,3499117,71682,3,436527104,52,215.28319918,52.97474371,0.0010000000474974513,0.0010000000474974513,215.28324056,52.97474514,0.08703000098466873,0.10666000097990036,56331.60385417,1.4297000169754028,-0.491552875926431,-0.3478230169635415,0.7983701641712538,180.18043145351865,60.55714083960659,96.2328072314243,59.25411925483344,-999,4,7,0,0,1,5,1,-999.0,-999.0,-999.0,-999.0,0,-999.0,-999.0,-999.0,-999.0,-999.0,0,-999.0,-999.0,-999.0,0,16416,-999.0,-999.0,-999.0,-999.0,0,-999.0,-999.0,-999.0,-999.0,-999.0,0,-999.0,-999.0,-999.0,0,114720,0.9983829855918884,21.564300537109375,0.16476599872112274,-999.0,1,21.564300537109375,21.564300537109375,21.440900802612305,0.2864840030670166,-999.0,1,21.42530059814453,0.16476599872112274,-999.0,1,115000,0.9984350204467773,21.003400802612305,0.08621600270271301,0.18501700460910797,5,20.883800506591797,21.23430061340332,20.875999450683594,0.062442000955343246,0.26813599467277527,5,20.8075008392334,0.09480900317430496,0.24576100707054138,5,115000,0.9984859824180603,20.52750015258789,0.17240500450134277,-999.0,1,20.52750015258789,20.52750015258789,19.87459945678711,0.21401700377464294,-999.0,1,19.937599182128906,0.17240500450134277,-999.0,1,16892216,5.203273459171079e-05
36.273563,-4.220818,36.273563 -4.220818,Equatorial Coord 36.273563  -4.220818  J2000,0.000833333,PSO J036.2735-04.2213,-999,-999,-999,102930362733444804,3506026000004641,363968413569568,0,8939307901203,10293,1,1152,95,0.228806071196502,3506026,84743,3,302067712,36,-999.0,-999.0,-999.0,-999.0,36.27345687,-4.22133978,0.18644000589847565,0.18644000589847565,55854.41322917,-999.0,0.8040153327214449,0.5900347154746604,-0.07360964124053881,32.492485994447385,-17.5920636637602,171.33643379376875,-58.000597755637095,-999,0,1,1,0,0,0,0,0.9969429969787598,21.521699905395508,0.18583600223064423,-999.0,1,21.521699905395508,21.521699905395508,-999.0,-999.0,-999.0,0,-999.0,-999.0,-999.0,0,272,-999.0,-999.0,-999.0,-999.0,0,-999.0,-999.0,-999.0,-999.0,-999.0,0,-999.0,-999.0,-999.0,0,0,-999.0,-999.0,-999.0,-999.0,0,-999.0,-999.0,-999.0,-999.0,-999.0,0,-999.0,-999.0,-999.0,0,0,-999.0,-999.0,-999.0,-999.0,0,-999.0,-999.0,-999.0,-999.0,-999.0,0,-999.0,-999.0,-999.0,0,0,-999.0,-999.0,-999.0,-999.0,0,-999.0,-999.0,-999.0,-999.0,-999.0,0,-999.0,-999.0,-999.0,0,0,0.0005324067265696199
36.273563,-4.220818,36.273563 -4.220818,Equatorial Coord 36.273563  -4.220818  J2000,0.000833333,PSO J036.2741-04.2213,-999,-999,-999,102930362740224851,3506026000004780,363968413569707,0,8939307901346,10293,1,1152,95,0.477800635134616,3506026,84743,3,302067712,36,-999.0,-999.0,-999.0,-999.0,36.27412713,-4.22129805,0.08620999753475189,0.08620999753475189,55854.41322917,-999.0,0.8040084735178394,0.5900441527209304,-0.07360891489047554,32.49316108520579,-17.592249244141538,171.33732062075921,-58.00012056572714,-999,0,1,1,0,0,0,0,0.9973090291023254,20.67329978942871,0.0848969966173172,-999.0,1,20.67329978942871,20.67329978942871,21.00909996032715,0.14375799894332886,-999.0,1,20.946800231933594,0.0848969966173172,-999.0,1,272,-999.0,-999.0,-999.0,-999.0,0,-999.0,-999.0,-999.0,-999.0,-999.0,0,-999.0,-999.0,-999.0,0,0,-999.0,-999.0,-999.0,-999.0,0,-999.0,-999.0,-999.0,-999.0,-999.0,0,-999.0,-999.0,-999.0,0,0,-999.0,-999.0,-999.0,-999.0,0,-999.0,-999.0,-999.0,-999.0,-999.0,0,-999.0,-999.0,-999.0,0,0,-999.0,-999.0,-999.0,-999.0,0,-999.0,-999.0,-999.0,-999.0,-999.0,0,-999.0,-999.0,-999.0,0,0,0.0007395718556985008
334.172272,-17.595461,334.172272 -17.595461,Equatorial Coord 334.172272  -17.595461  J2000,0.000833333,PSO J334.1723-17.5958,-999,-999,-999,86883341722945346,3565676000027522,479928235617155,0,12736767345026,8688,1,960,66,0.131773996289609,3565676,111742,3,436527104,52,334.1722404,-17.59582392,0.0010000000474974513,0.0010000000474974513,334.1723086,-17.59584735,0.029430000111460686,0.029489999637007713,56152.84931713,1.1246000528335571,0.8579945708170863,-0.41528248174909044,-0.30230080516055596,329.705424555219,-6.440172731651276,39.65442887024694,-53.13386964280644,-999,8,23,0,0,17,6,0,-999.0,-999.0,-999.0,-999.0,0,-999.0,-999.0,-999.0,-999.0,-999.0,0,-999.0,-999.0,-999.0,0,16416,-999.0,-999.0,-999.0,-999.0,0,-999.0,-999.0,-999.0,-999.0,-999.0,0,-999.0,-999.0,-999.0,0,114720,0.9996880292892456,21.277599334716797,0.05418999865651131,0.2552039921283722,17,20.67840003967285,21.75979995727539,20.902999877929688,0.07230299711227417,0.3146519958972931,17,20.853500366210938,0.0700170025229454,0.2576110064983368,17,16892216,0.9989780187606812,20.82270050048828,0.07637300342321396,0.18254199624061584,6,20.51180076599121,21.02750015258789,20.587099075317383,0.06682900339365005,0.14402100443840027,6,20.47920036315918,0.05639300122857094,0.1408659964799881,6,115000,-999.0,-999.0,-999.0,-999.0,0,-999.0,-999.0,-999.0,-999.0,-999.0,0,-999.0,-999.0,-999.0,0,114720,0.00038792198748117837
214.857346,53.163692,214.857346 53.163692,Equatorial Coord 214.857346  +53.163692  J2000,0.000833333,PSO J214.8576+53.1639,-999,-999,-999,171792148576857284,3499057000033741,307889025614796,0,15154731307597,17179,1,2382,26,0.660881752763765,3499057,71686,3,268513280,32,-999.0,-999.0,-999.0,-999.0,214.85764817,53.1638657,0.019740000367164612,0.019740000367164612,56848.24777778,-999.0,-0.4919578169260719,-0.3426541892895012,0.8003534300093229,179.5361029206823,60.52959415857805,96.8530935412188,59.280115560701574,-999,0,1,0,0,0,0,1,-999.0,-999.0,-999.0,-999.0,0,-999.0,-999.0,-999.0,-999.0,-999.0,0,-999.0,-999.0,-999.0,0,0,-999.0,-999.0,-999.0,-999.0,0,-999.0,-999.0,-999.0,-999.0,-999.0,0,-999.0,-999.0,-999.0,0,0,-999.0,-999.0,-999.0,-999.0,0,-999.0,-999.0,-999.0,-999.0,-999.0,0,-999.0,-999.0,-999.0,0,0,-999.0,-999.0,-999.0,-999.0,0,-999.0,-999.0,-999.0,-999.0,-999.0,0,-999.0,-999.0,-999.0,0,0,0.9976750016212463,15.56779956817627,0.012829000130295753,-999.0,1,15.56779956817627,15.56779956817627,16.00079917907715,0.02634499967098236,-999.0,1,15.839799880981445,0.012829000130295753,-999.0,1,16,0.00025097926961357
215.012268,52.270828,215.012268 52.270828,Equatorial Coord 215.012268  +52.270828  J2000,0.000833333,PSO J215.0117+52.2714,-999,-999,-999,170722150120926312,3499089000032352,281191508901472,0,15154165671911,17072,1,2382,6,0.156653416488928,3499089,65470,3,412614656,49,215.01170148,52.27143414,0.0010000000474974513,0.0010000000474974513,215.01170148,52.27143414,0.0010000000474974513,0.0010000000474974513,56031.93971065,-999.0,-0.5011850094658279,-0.3510860846979508,0.7909185466394131,180.8580098198788,59.9178481119706,95.54992007237134,59.88831965541517,-999,1,1,0,0,1,0,0,-999.0,-999.0,-999.0,-999.0,0,-999.0,-999.0,-999.0,-999.0,-999.0,0,-999.0,-999.0,-999.0,0,16416,-999.0,-999.0,-999.0,-999.0,0,-999.0,-999.0,-999.0,-999.0,-999.0,0,-999.0,-999.0,-999.0,0,16416,0.8233680129051208,21.868600845336914,0.23667900264263153,-999.0,1,21.868600845336914,21.868600845336914,-999.0,-999.0,-999.0,0,21.2406005859375,0.23667900264263153,-999.0,1,16896056,-999.0,-999.0,-999.0,-999.0,0,-999.0,-999.0,-999.0,-999.0,-999.0,0,-999.0,-999.0,-999.0,0,16416,-999.0,-999.0,-999.0,-999.0,0,-999.0,-999.0,-999.0,-999.0,-999.0,0,-999.0,-999.0,-999.0,0,16416,0.0006982724936319731
334.232819,-18.05146,334.232819 -18.051460,Equatorial Coord 334.232819  -18.051460  J2000,0.000833333,PSO J334.2321-18.0519,-999,-999,-999,86333342320158142,3565676000037294,479928235626927,0,12745327710787,8633,1,960,46,0.140606963206648,3565676,111742,3,436285440,52,334.23201374,-18.05190222,0.0010000000474974513,0.0010000000474974513,334.23205566,-18.05185608,0.09309999644756317,0.09309999644756317,56306.36185185,0.892300009727478,0.8562332653356893,-0.41332850082014067,-0.30987763027097964,329.59329723429215,-6.886015744874797,38.98159886449592,-53.35540485110144,-999,4,3,0,0,3,0,0,-999.0,-999.0,-999.0,-999.0,0,-999.0,-999.0,-999.0,-999.0,-999.0,0,-999.0,-999.0,-999.0,0,114720,-999.0,-999.0,-999.0,-999.0,0,-999.0,-999.0,-999.0,-999.0,-999.0,0,-999.0,-999.0,-999.0,0,114720,0.9982789754867554,21.68790054321289,0.047593001276254654,0.06771200150251389,2,21.635099411010742,21.730300903320312,-999.0,-999.0,-999.0,2,21.859800338745117,0.45517900586128235,0.733955979347229,2,115000,-999.0,-999.0,-999.0,-999.0,0,-999.0,-999.0,-999.0,-999.0,-999.0,0,-999.0,-999.0,-999.0,0,114720,-999.0,-999.0,-999.0,-999.0,0,-999.0,-999.0,-999.0,-999.0,-999.0,0,-999.0,-999.0,-999.0,0,16416,0.0008268109793236967
36.302109,-4.602335,36.302109 -4.602335,Equatorial Coord 36.302109  -4.602335  J2000,0.000833333,PSO J036.3024-04.6016,-999,-999,-999,102470363023238428,3505964000010379,363951233706122,0,8947299454821,10247,1,1152,85,0.514640209744349,3505964,84739,3,268959744,32,-999.0,-999.0,-999.0,-999.0,36.30235764,-4.60162806,0.16956999897956848,0.16956999897956848,55584.26094907,-999.0,0.8033061697210038,0.5901379384538037,-0.08022724777570575,32.38651387026275,-17.959849126318538,171.85972016814733,-58.263509551592364,-999,0,2,0,0,0,0,2,-999.0,-999.0,-999.0,-999.0,0,-999.0,-999.0,-999.0,-999.0,-999.0,0,-999.0,-999.0,-999.0,0,0,-999.0,-999.0,-999.0,-999.0,0,-999.0,-999.0,-999.0,-999.0,-999.0,0,-999.0,-999.0,-999.0,0,0,-999.0,-999.0,-999.0,-999.0,0,-999.0,-999.0,-999.0,-999.0,-999.0,0,-999.0,-999.0,-999.0,0,0,-999.0,-999.0,-999.0,-999.0,0,-999.0,-999.0,-999.0,-999.0,-999.0,0,-999.0,-999.0,-999.0,0,0,0.5391709804534912,19.500200271606445,0.24701499938964844,0.40125301480293274,2,19.392799377441406,19.88680076599121,-999.0,-999.0,-999.0,0,20.098100662231445,0.34258899092674255,-999.0,1,4120,0.0007491248503051438
36.302109,-4.602335,36.302109 -4.602335,Equatorial Coord 36.302109  -4.602335  J2000,0.000833333,PSO J036.3023-04.6030,-999,-999,-999,102470363023386800,3505964000010384,363951233706127,0,8947299452649,10247,1,1152,85,0.416655330375447,3505964,84739,3,268959744,32,-999.0,-999.0,-999.0,-999.0,36.30231838,-4.60303032,0.26881998777389526,0.26881998777389526,55852.43540509,-999.0,0.8033049914704906,0.5901362253648595,-0.08025164291595997,32.38597838053014,-17.961156176935695,171.86145961141486,-58.2645729041546,-999,0,1,0,0,1,0,0,-999.0,-999.0,-999.0,-999.0,0,-999.0,-999.0,-999.0,-999.0,-999.0,0,-999.0,-999.0,-999.0,0,0,-999.0,-999.0,-999.0,-999.0,0,-999.0,-999.0,-999.0,-999.0,-999.0,0,-999.0,-999.0,-999.0,0,0,0.8081709742546082,21.944700241088867,0.2683990001678467,-999.0,1,21.944700241088867,21.944700241088867,-999.0,-999.0,-999.0,0,22.291900634765625,0.2683990001678467,-999.0,1,4120,-999.0,-999.0,-999.0,-999.0,0,-999.0,-999.0,-999.0,-999.0,-999.0,0,-999.0,-999.0,-999.0,0,0,-999.0,-999.0,-999.0,-999.0,0,-999.0,-999.0,-999.0,-999.0,-999.0,0,-999.0,-999.0,-999.0,0,0,0.000725966655952014
36.302109,-4.602335,36.302109 -4.602335,Equatorial Coord 36.302109  -4.602335  J2000,0.000833333,PSO J036.3023-04.6027,-999,-999,-999,102470363023437198,3505964000010386,363951233706129,0,8947299452638,10247,1,1152,85,0.574677615961691,3505964,84739,3,268959744,32,-999.0,-999.0,-999.0,-999.0,36.3023129,-4.60270949,0.1688999980688095,0.1688999980688095,55844.98292824,-999.0,0.8033054100519913,0.5901364145731942,-0.08024606143542017,32.38608663062009,-17.960852272447784,171.8610413586068,-58.2643393203061,-999,0,2,0,0,0,2,0,-999.0,-999.0,-999.0,-999.0,0,-999.0,-999.0,-999.0,-999.0,-999.0,0,-999.0,-999.0,-999.0,0,0,-999.0,-999.0,-999.0,-999.0,0,-999.0,-999.0,-999.0,-999.0,-999.0,0,-999.0,-999.0,-999.0,0,0,-999.0,-999.0,-999.0,-999.0,0,-999.0,-999.0,-999.0,-999.0,-999.0,0,-999.0,-999.0,-999.0,0,0,0.71042400598526,20.723100662231445,0.13868699967861176,0.2058890014886856,2,20.54010009765625,20.8174991607666,20.48270034790039,0.26137301325798035,-999.0,1,20.138099670410156,0.28571099042892456,-999.0,1,4120,-999.0,-999.0,-999.0,-999.0,0,-999.0,-999.0,-999.0,-999.0,-999.0,0,-999.0,-999.0,-999.0,0,0,0.00042608716380524217
36.302109,-4.602335,36.302109 -4.602335,Equatorial Coord 36.302109  -4.602335  J2000,0.000833333,PSO J036.3027-04.6025,-999,-999,-999,102470363026897411,3505964000010447,363951233706190,0,8947299452585,10247,1,1152,85,0.472845316373599,3505964,84739,3,268959744,32,-999.0,-999.0,-999.0,-999.0,36.30268147,-4.60249952,0.248539999127388,0.248539999127388,55584.26916667,-999.0,0.8033018508193804,0.5901417561354122,-0.08024240858529401,32.386524625764174,-17.960778388731285,171.8612891693013,-58.263936746644326,-999,0,1,0,0,0,0,1,-999.0,-999.0,-999.0,-999.0,0,-999.0,-999.0,-999.0,-999.0,-999.0,0,-999.0,-999.0,-999.0,0,0,-999.0,-999.0,-999.0,-999.0,0,-999.0,-999.0,-999.0,-999.0,-999.0,0,-999.0,-999.0,-999.0,0,0,-999.0,-999.0,-999.0,-999.0,0,-999.0,-999.0,-999.0,-999.0,-999.0,0,-999.0,-999.0,-999.0,0,0,-999.0,-999.0,-999.0,-999.0,0,-999.0,-999.0,-999.0,-999.0,-999.0,0,-999.0,-999.0,-999.0,0,0,0.601239025592804,19.711299896240234,0.24809099733829498,-999.0,1,19.711299896240234,19.711299896240234,-999.0,-999.0,-999.0,0,21.430599212646484,0.24809099733829498,-999.0,1,4120,0.0005938675410581912
333.981812,-17.657478,333.981812 -17.657478,Equatorial Coord 333.981812  -17.657478  J2000,0.000833333,PSO J333.9815-17.6582,-999,-999,-999,86813339812710445,3565211000101172,479923940723508,0,12745345440120,8681,1,960,57,0.419054220820828,3565211,111741,3,268513280,32,-999.0,-999.0,-999.0,-999.0,333.98149276,-17.65824315,0.014510000124573708,0.014510000124573708,56589.805,355.4530029296875,0.856310420552534,-0.4179929489387266,-0.30333868577985496,329.5120799816029,-6.432911988882989,39.445079002475836,-52.98848518311695,-999,0,2,0,0,1,1,0,-999.0,-999.0,-999.0,-999.0,0,-999.0,-999.0,-999.0,-999.0,-999.0,0,-999.0,-999.0,-999.0,0,0,-999.0,-999.0,-999.0,-999.0,0,-999.0,-999.0,-999.0,-999.0,-999.0,0,-999.0,-999.0,-999.0,0,0,0.9976109862327576,18.96739959716797,0.022778000682592392,-999.0,1,18.96739959716797,18.96739959716797,18.454099655151367,0.03170299902558327,-999.0,1,18.6200008392334,0.022778000682592392,-999.0,1,16777240,0.9553059935569763,17.372400283813477,0.008280999958515167,-999.0,1,17.372400283813477,17.372400283813477,18.20210075378418,0.022099999710917473,-999.0,1,18.093799591064453,0.008280999958515167,-999.0,1,24,-999.0,-999.0,-999.0,-999.0,0,-999.0,-999.0,-999.0,-999.0,-999.0,0,-999.0,-999.0,-999.0,0,0,0.0008234024081978174
333.981812,-17.657478,333.981812 -17.657478,Equatorial Coord 333.981812  -17.657478  J2000,0.000833333,PSO J333.9820-17.6579,-999,-999,-999,86813339819460786,3565211000101285,479923940723621,0,12745345440842,8681,1,960,57,0.871682423047426,3565211,111741,3,1375809536,164,333.98188773,-17.65794582,0.0010000000474974513,0.0010000000474974513,333.9820187,-17.6579417,0.10791999846696854,0.10791999846696854,55537.49119213,6.119100093841553,0.8563156916372786,-0.41798578858304913,-0.30333367237808573,329.5126596822093,-6.432811000615314,39.44585395452598,-52.988837901932605,-999,1,2,1,0,1,0,0,0.2508080005645752,21.63520050048828,0.1263190060853958,-999.0,1,21.63520050048828,21.63520050048828,20.90290069580078,0.14965899288654327,-999.0,1,20.93400001525879,0.1263190060853958,-999.0,1,16892472,-999.0,-999.0,-999.0,-999.0,0,-999.0,-999.0,-999.0,-999.0,-999.0,0,-999.0,-999.0,-999.0,0,16416,0.9810400009155273,22.024999618530273,0.20327800512313843,-999.0,1,22.024999618530273,22.024999618530273,-999.0,-999.0,-999.0,0,23.839099884033203,0.20327800512313843,-999.0,1,16696,-999.0,-999.0,-999.0,-999.0,0,-999.0,-999.0,-999.0,-999.0,-999.0,0,-999.0,-999.0,-999.0,0,16416,-999.0,-999.0,-999.0,-999.0,0,-999.0,-999.0,-999.0,-999.0,-999.0,0,-999.0,-999.0,-999.0,0,16416,0.0005037970886815755
333.981812,-17.657478,333.981812 -17.657478,Equatorial Coord 333.981812  -17.657478  J2000,0.000833333,PSO J333.9818-17.6575,-999,-999,-999,86813339819471278,3565211000104394,479923940728770,0,12745345440401,8681,1,960,57,0.744396208547425,3565211,111741,3,1343750144,160,333.98184649,-17.65745948,0.0010000000474974513,0.0010000000474974513,333.98184649,-17.65745948,0.0010000000474974513,0.0010000000474974513,56105.17326389,-999.0,0.8563167295181418,-0.4179894822046721,-0.3033256525808916,329.51268016863565,-6.432302031711533,39.44649572345621,-52.98850591575107,-999,1,0,0,0,0,0,0,-999.0,-999.0,-999.0,-999.0,0,-999.0,-999.0,-999.0,-999.0,-999.0,0,-999.0,-999.0,-999.0,0,16416,-999.0,-999.0,-999.0,-999.0,0,-999.0,-999.0,-999.0,-999.0,-999.0,0,-999.0,-999.0,-999.0,0,16416,-999.0,-999.0,-999.0,-999.0,0,-999.0,-999.0,-999.0,-999.0,-999.0,0,-999.0,-999.0,-999.0,0,16416,-999.0,-999.0,-999.0,-999.0,0,-999.0,-999.0,-999.0,-999.0,-999.0,0,-999.0,-999.0,-999.0,0,114720,-999.0,-999.0,-999.0,-999.0,0,-999.0,-999.0,-999.0,-999.0,-999.0,0,-999.0,-999.0,-999.0,0,16416,3.7724039927410994e-05
36.02301,-4.939906,36.023010 -4.939906,Equatorial Coord 36.023010  -4.939906  J2000,0.000833333,PSO J036.0227-04.9404,-999,-999,-999,102070360227481943,3505492000074833,363946938803281,0,8946562551795,10207,1,1152,75,0.31782179914212,3505492,84738,3,436285440,52,36.02260933,-4.94048086,0.0010000000474974513,0.0010000000474974513,36.02273092,-4.94042898,0.0857200026512146,0.0857200026512146,56009.69474537,1.2800999879837036,0.8057789265658689,0.5859212209218432,-0.08611994180102903,31.99023707952089,-18.184600336010696,171.90218932085227,-58.70162271998686,-999,3,4,0,0,1,3,0,-999.0,-999.0,-999.0,-999.0,0,-999.0,-999.0,-999.0,-999.0,-999.0,0,-999.0,-999.0,-999.0,0,16416,-999.0,-999.0,-999.0,-999.0,0,-999.0,-999.0,-999.0,-999.0,-999.0,0,-999.0,-999.0,-999.0,0,16416,0.9982669949531555,21.94930076599121,0.19483299553394318,-999.0,1,21.94930076599121,21.94930076599121,21.622299194335938,0.2950670123100281,-999.0,1,21.571500778198242,0.19483299553394318,-999.0,1,115000,0.9985529780387878,21.18239974975586,0.07289999723434448,0.13858899474143982,3,21.064899444580078,21.33769989013672,20.67259979248047,0.16021999716758728,0.39721301198005676,3,20.832300186157227,0.21083399653434753,0.32534098625183105,3,115000,-999.0,-999.0,-999.0,-999.0,0,-999.0,-999.0,-999.0,-999.0,-999.0,0,-999.0,-999.0,-999.0,0,114720,0.0005922973388866269
214.692352,53.132137,214.692352 53.132137,Equatorial Coord 214.692352  +53.132137  J2000,0.000833333,PSO J214.6920+53.1318,-999,-999,-999,171752146920318818,3499057000020107,307889025601162,0,15154705432146,17175,1,2382,26,0.225043851160485,3499057,71686,3,310456320,37,-999.0,-999.0,-999.0,-999.0,214.69199587,53.13180796,0.12822000682353973,0.12822000682353973,56711.63306713,-999.0,-0.4933145550083686,-0.34148524472490194,0.800017860708165,179.4283274670152,60.43971103533788,96.95998472104807,59.36913432943121,-999,0,1,0,1,0,0,0,-999.0,-999.0,-999.0,-999.0,0,-999.0,-999.0,-999.0,-999.0,-999.0,0,-999.0,-999.0,-999.0,0,0,0.9990350008010864,21.029699325561523,0.12734000384807587,-999.0,1,21.029699325561523,21.029699325561523,19.551799774169922,0.08225700259208679,-999.0,1,19.841299057006836,0.12734000384807587,-999.0,1,16777496,-999.0,-999.0,-999.0,-999.0,0,-999.0,-999.0,-999.0,-999.0,-999.0,0,-999.0,-999.0,-999.0,0,0,-999.0,-999.0,-999.0,-999.0,0,-999.0,-999.0,-999.0,-999.0,-999.0,0,-999.0,-999.0,-999.0,0,0,-999.0,-999.0,-999.0,-999.0,0,-999.0,-999.0,-999.0,-999.0,-999.0,0,-999.0,-999.0,-999.0,0,0,0.0003923284787458946
150.116806,2.521539,150.116806 2.521539,Equatorial Coord 150.116806  +2.521539  J2000,0.000833333,PSO J150.1168+02.5216,-999,-999,-999,111021501168226379,3562260000008392,59377922875591,0,15559691073091,11102,1,1360,69,0.297110856787405,3562260,13825,3,277348352,33,-999.0,-999.0,-999.0,-999.0,150.11681773,2.5215968,0.16892999410629272,0.16892999410629272,55545.63310185,-999.0,-0.8662034800554855,0.49775082780039465,0.04399596076673483,151.3027741325595,-9.069267012522566,236.47272051053034,42.30245360177063,-999,0,1,0,0,0,1,0,-999.0,-999.0,-999.0,-999.0,0,-999.0,-999.0,-999.0,-999.0,-999.0,0,-999.0,-999.0,-999.0,0,0,-999.0,-999.0,-999.0,-999.0,0,-999.0,-999.0,-999.0,-999.0,-999.0,0,-999.0,-999.0,-999.0,0,0,-999.0,-999.0,-999.0,-999.0,0,-999.0,-999.0,-999.0,-999.0,-999.0,0,-999.0,-999.0,-999.0,0,0,0.6932359933853149,20.61039924621582,0.16825899481773376,-999.0,1,20.61039924621582,20.61039924621582,-999.0,-999.0,-999.0,0,20.158000946044922,0.16825899481773376,-999.0,1,16781336,-999.0,-999.0,-999.0,-999.0,0,-999.0,-999.0,-999.0,-999.0,-999.0,0,-999.0,-999.0,-999.0,0,0,5.897598303920842e-05
150.116806,2.521539,150.116806 2.521539,Equatorial Coord 150.116806  +2.521539  J2000,0.000833333,PSO J150.1175+02.5218,-999,-999,-999,111021501176186505,3562260000008446,59377922875645,0,15559691068510,11102,1,1360,69,0.480014176554991,3562260,13825,3,404226048,48,150.11750829,2.52178267,0.0010000000474974513,0.0010000000474974513,150.11750829,2.52178267,0.0010000000474974513,0.0010000000474974513,56051.0562963,-999.0,-0.8662093554031954,0.4977403166958535,0.043999201668805644,151.30336302453924,-9.068851897868392,236.47305352828948,42.30312429861801,-999,2,1,0,0,0,1,0,-999.0,-999.0,-999.0,-999.0,0,-999.0,-999.0,-999.0,-999.0,-999.0,0,-999.0,-999.0,-999.0,0,16416,-999.0,-999.0,-999.0,-999.0,0,-999.0,-999.0,-999.0,-999.0,-999.0,0,-999.0,-999.0,-999.0,0,114720,-999.0,-999.0,-999.0,-999.0,0,-999.0,-999.0,-999.0,-999.0,-999.0,0,-999.0,-999.0,-999.0,0,114720,0.6061409711837769,21.07349967956543,0.2323639988899231,-999.0,1,21.07349967956543,21.07349967956543,-999.0,-999.0,-999.0,0,20.906200408935547,0.2323639988899231,-999.0,1,20536,-999.0,-999.0,-999.0,-999.0,0,-999.0,-999.0,-999.0,-999.0,-999.0,0,-999.0,-999.0,-999.0,0,16416,0.0007427190470729895
215.056946,52.282776,215.056946 52.282776,Equatorial Coord 215.056946  +52.282776  J2000,0.000833333,PSO J215.0567+52.2834,-999,-999,-999,170742150566910741,3499089000036892,281191508906012,0,15154165632310,17074,1,2382,6,0.660881403517799,3499089,65470,3,268959744,32,-999.0,-999.0,-999.0,-999.0,215.05667011,52.2833814,0.27090001106262207,0.27090001106262207,56722.64895833,-999.0,-0.5007742918922864,-0.35138459556974033,0.7910461267056865,180.88423679093512,59.94481207096065,95.52512079981864,59.86102834577685,-999,0,1,0,0,0,1,0,-999.0,-999.0,-999.0,-999.0,0,-999.0,-999.0,-999.0,-999.0,-999.0,0,-999.0,-999.0,-999.0,0,0,-999.0,-999.0,-999.0,-999.0,0,-999.0,-999.0,-999.0,-999.0,-999.0,0,-999.0,-999.0,-999.0,0,0,-999.0,-999.0,-999.0,-999.0,0,-999.0,-999.0,-999.0,-999.0,-999.0,0,-999.0,-999.0,-999.0,0,0,0.5848109722137451,21.549699783325195,0.27048900723457336,-999.0,1,21.549699783325195,21.549699783325195,-999.0,-999.0,-999.0,0,23.325300216674805,0.27048900723457336,-999.0,1,4120,-999.0,-999.0,-999.0,-999.0,0,-999.0,-999.0,-999.0,-999.0,-999.0,0,-999.0,-999.0,-999.0,0,0,0.0006284865907438989
36.677898,-4.30619,36.677898 -4.306190,Equatorial Coord 36.677898  -4.306190  J2000,0.000833333,PSO J036.6782-04.3058,-999,-999,-999,102830366782013470,3506026000076517,363968413641445,0,8947045772598,10283,1,1152,94,0.531116868863922,3506026,84743,3,268959744,32,-999.0,-999.0,-999.0,-999.0,36.67820187,-4.30578409,-999.0,-999.0,-999.0,-999.0,0.7997393463602883,0.5956341683665812,-0.07507939369407432,32.86181199798349,-17.807122474964757,172.00624177242304,-57.792434774809465,-999,0,1,0,0,1,0,0,-999.0,-999.0,-999.0,-999.0,0,-999.0,-999.0,-999.0,-999.0,-999.0,0,-999.0,-999.0,-999.0,0,0,-999.0,-999.0,-999.0,-999.0,0,-999.0,-999.0,-999.0,-999.0,-999.0,0,-999.0,-999.0,-999.0,0,0,-999.0,-999.0,-999.0,-999.0,0,-999.0,-999.0,19.757400512695312,0.04767699912190437,-999.0,1,-999.0,-999.0,-999.0,0,24,-999.0,-999.0,-999.0,-999.0,0,-999.0,-999.0,-999.0,-999.0,-999.0,0,-999.0,-999.0,-999.0,0,0,-999.0,-999.0,-999.0,-999.0,0,-999.0,-999.0,-999.0,-999.0,-999.0,0,-999.0,-999.0,-999.0,0,0,0.0005065366327352903
150.284668,2.130321,150.284668 2.130321,Equatorial Coord 150.284668  +2.130321  J2000,0.000833333,PSO J150.2845+02.1297,-999,-999,-999,110551502844166180,3562348000122472,59498182074740,0,15559771619877,11055,1,1360,59,0.723363630215976,3562348,13853,3,404226048,48,150.28449337,2.12966955,0.0010000000474974513,0.0010000000474974513,150.28449337,2.12966955,0.0010000000474974513,0.0010000000474974513,56031.49396991,-999.0,-0.8678975062469868,0.4953513549055112,0.03716118732677581,151.60064247417117,-9.37786043394742,237.0354249070229,42.21177104088606,-999,4,0,0,0,0,0,0,-999.0,-999.0,-999.0,-999.0,0,-999.0,-999.0,-999.0,-999.0,-999.0,0,-999.0,-999.0,-999.0,0,114720,-999.0,-999.0,-999.0,-999.0,0,-999.0,-999.0,-999.0,-999.0,-999.0,0,-999.0,-999.0,-999.0,0,114720,-999.0,-999.0,-999.0,-999.0,0,-999.0,-999.0,-999.0,-999.0,-999.0,0,-999.0,-999.0,-999.0,0,114720,-999.0,-999.0,-999.0,-999.0,0,-999.0,-999.0,-999.0,-999.0,-999.0,0,-999.0,-999.0,-999.0,0,114720,-999.0,-999.0,-999.0,-999.0,0,-999.0,-999.0,-999.0,-999.0,-999.0,0,-999.0,-999.0,-999.0,0,16416,0.0006744187226516466
149.753021,1.848985,149.753021 1.848985,Equatorial Coord 149.753021  +1.848985  J2000,0.000833333,PSO J149.7533+01.8494,-999,-999,-999,110211497532949707,3561870000033468,59287728587451,0,15560638059550,11021,1,1359,40,0.437218913284334,3561870,13804,3,268959744,32,-999.0,-999.0,-999.0,-999.0,149.75328409,1.84937019,0.3079099953174591,0.3079099953174591,56257.64133102,-999.0,-0.8634144125657699,0.5034620845158156,0.03227199449517106,151.19549529163535,-9.826005494830648,236.9265695017203,41.61691904610823,-999,0,1,0,0,0,0,1,-999.0,-999.0,-999.0,-999.0,0,-999.0,-999.0,-999.0,-999.0,-999.0,0,-999.0,-999.0,-999.0,0,0,-999.0,-999.0,-999.0,-999.0,0,-999.0,-999.0,-999.0,-999.0,-999.0,0,-999.0,-999.0,-999.0,0,0,-999.0,-999.0,-999.0,-999.0,0,-999.0,-999.0,-999.0,-999.0,-999.0,0,-999.0,-999.0,-999.0,0,0,-999.0,-999.0,-999.0,-999.0,0,-999.0,-999.0,-999.0,-999.0,-999.0,0,-999.0,-999.0,-999.0,0,0,0.4819299876689911,19.306400299072266,0.307547003030777,-999.0,1,19.306400299072266,19.306400299072266,-999.0,-999.0,-999.0,0,22.16119956970215,0.307547003030777,-999.0,1,4112,0.0004663856898046838
149.753021,1.848985,149.753021 1.848985,Equatorial Coord 149.753021  +1.848985  J2000,0.000833333,PSO J149.7530+01.8497,-999,-999,-999,110221497529590083,3561870000085291,59287728639275,0,15560638066877,11022,1,1359,40,0.771757570814116,3561870,13804,3,268959744,32,-999.0,-999.0,-999.0,-999.0,149.75295895,1.84970633,0.155689999461174,0.155689999461174,55632.41881944,-999.0,-0.8634113919523493,0.5034668887997193,0.0322778581885114,151.19506721774457,-9.825803788420865,236.92595093641705,41.616850166470066,-999,0,1,1,0,0,0,0,0.6983749866485596,21.299699783325195,0.15496300160884857,-999.0,1,21.299699783325195,21.299699783325195,-999.0,-999.0,-999.0,0,21.43910026550293,0.15496300160884857,-999.0,1,4120,-999.0,-999.0,-999.0,-999.0,0,-999.0,-999.0,-999.0,-999.0,-999.0,0,-999.0,-999.0,-999.0,0,0,-999.0,-999.0,-999.0,-999.0,0,-999.0,-999.0,-999.0,-999.0,-999.0,0,-999.0,-999.0,-999.0,0,0,-999.0,-999.0,-999.0,-999.0,0,-999.0,-999.0,-999.0,-999.0,-999.0,0,-999.0,-999.0,-999.0,0,0,-999.0,-999.0,-999.0,-999.0,0,-999.0,-999.0,-999.0,-999.0,-999.0,0,-999.0,-999.0,-999.0,0,0,0.0007239911336401932
333.464905,-17.404896,333.464905 -17.404896,Equatorial Coord 333.464905  -17.404896  J2000,0.000833333,PSO J333.4651-17.4054,-999,-999,-999,87113334650823961,3565252000021941,479941120513460,0,12745529022101,8711,1,960,68,0.158946238606187,3565252,111745,3,302067712,36,-999.0,-999.0,-999.0,-999.0,333.46510576,-17.40536285,0.1769299954175949,0.1769299954175949,56602.20502315,-999.0,0.853697947246101,-0.42628745442402505,-0.2991301072584938,329.1410055647083,-6.020200833820055,39.52777629900589,-52.43721707450318,-999,0,1,0,0,0,1,0,-999.0,-999.0,-999.0,-999.0,0,-999.0,-999.0,-999.0,-999.0,-999.0,0,-999.0,-999.0,-999.0,0,0,-999.0,-999.0,-999.0,-999.0,0,-999.0,-999.0,-999.0,-999.0,-999.0,0,-999.0,-999.0,-999.0,0,0,-999.0,-999.0,-999.0,-999.0,0,-999.0,-999.0,-999.0,-999.0,-999.0,0,-999.0,-999.0,-999.0,0,0,0.9996129870414734,20.89929962158203,0.17628799378871918,-999.0,1,20.89929962158203,20.89929962158203,20.858999252319336,0.24865399301052094,-999.0,1,20.8302001953125,0.17628799378871918,-999.0,1,280,-999.0,-999.0,-999.0,-999.0,0,-999.0,-999.0,-999.0,-999.0,-999.0,0,-999.0,-999.0,-999.0,0,0,0.0005046257898123335
334.241241,-17.687025,334.241241 -17.687025,Equatorial Coord 334.241241  -17.687025  J2000,0.000833333,PSO J334.2413-17.6872,-999,-999,-999,86773342414225853,3565676000038824,479928235628457,0,12736780217477,8677,1,960,56,0.986415836016103,3565676,111742,3,268959744,32,-999.0,-999.0,-999.0,-999.0,334.24128379,-17.68718583,0.17082999646663666,0.17082999646663666,56555.41858796,-999.0,0.858058765548321,-0.41403933131236387,-0.3038199911001615,329.73399660139654,-6.549064483231954,39.554032665753134,-53.228966527043895,-999,0,2,0,2,0,0,0,-999.0,-999.0,-999.0,-999.0,0,-999.0,-999.0,-999.0,-999.0,-999.0,0,-999.0,-999.0,-999.0,0,0,0.709492027759552,21.604700088500977,0.16202899813652039,0.2669470012187958,2,21.539499282836914,21.86359977722168,-999.0,-999.0,-999.0,0,20.89459991455078,0.95939701795578,1.823889970779419,2,4120,-999.0,-999.0,-999.0,-999.0,0,-999.0,-999.0,-999.0,-999.0,-999.0,0,-999.0,-999.0,-999.0,0,0,-999.0,-999.0,-999.0,-999.0,0,-999.0,-999.0,-999.0,-999.0,-999.0,0,-999.0,-999.0,-999.0,0,0,-999.0,-999.0,-999.0,-999.0,0,-999.0,-999.0,-999.0,-999.0,-999.0,0,-999.0,-999.0,-999.0,0,0,0.00016591643255940347
333.640625,-17.587511,333.640625 -17.587511,Equatorial Coord 333.640625  -17.587511  J2000,0.000833333,PSO J333.6411-17.5873,-999,-999,-999,86893336410935547,3565211000043077,479923940665412,0,12745582635355,8689,1,960,67,0.148806112957006,3565211,111741,3,268959744,32,-999.0,-999.0,-999.0,-999.0,333.64109418,-17.58734579,0.27094998955726624,0.27094998955726624,55848.29277778,-999.0,0.8541476653672174,-0.4232392757375732,-0.30215936394701814,329.2330553837273,-6.250230903600944,39.35373241771176,-52.66102440523287,-999,0,1,0,0,1,0,0,-999.0,-999.0,-999.0,-999.0,0,-999.0,-999.0,-999.0,-999.0,-999.0,0,-999.0,-999.0,-999.0,0,0,-999.0,-999.0,-999.0,-999.0,0,-999.0,-999.0,-999.0,-999.0,-999.0,0,-999.0,-999.0,-999.0,0,0,0.7291380167007446,21.45509910583496,0.27052998542785645,-999.0,1,21.45509910583496,21.45509910583496,-999.0,-999.0,-999.0,0,21.972400665283203,0.27052998542785645,-999.0,1,4120,-999.0,-999.0,-999.0,-999.0,0,-999.0,-999.0,-999.0,-999.0,-999.0,0,-999.0,-999.0,-999.0,0,0,-999.0,-999.0,-999.0,-999.0,0,-999.0,-999.0,-999.0,-999.0,-999.0,0,-999.0,-999.0,-999.0,0,0,0.00047678728420237247
215.355911,52.357971,215.355911 52.357971,Equatorial Coord 215.355911  +52.357971  J2000,0.000833333,PSO J215.3554+52.3575,-999,-999,-999,170822153553809675,3499089000098585,281191508970126,0,15154190165727,17082,1,2382,5,0.398911193384706,3499089,65470,3,1343750144,160,215.35538355,52.35749479,0.0010000000474974513,0.0010000000474974513,215.35538355,52.35749479,0.0010000000474974513,0.0010000000474974513,56002.10722222,-999.0,-0.4981005925679932,-0.3533982238735629,0.791836785610788,181.0652653531524,60.119894896157426,95.35552947690542,59.683429769562935,-999,2,0,0,0,0,0,0,-999.0,-999.0,-999.0,-999.0,0,-999.0,-999.0,-999.0,-999.0,-999.0,0,-999.0,-999.0,-999.0,0,16416,-999.0,-999.0,-999.0,-999.0,0,-999.0,-999.0,-999.0,-999.0,-999.0,0,-999.0,-999.0,-999.0,0,16416,-999.0,-999.0,-999.0,-999.0,0,-999.0,-999.0,-999.0,-999.0,-999.0,0,-999.0,-999.0,-999.0,0,114720,-999.0,-999.0,-999.0,-999.0,0,-999.0,-999.0,-999.0,-999.0,-999.0,0,-999.0,-999.0,-999.0,0,16416,-999.0,-999.0,-999.0,-999.0,0,-999.0,-999.0,-999.0,-999.0,-999.0,0,-999.0,-999.0,-999.0,0,16416,0.0005749288856617133
215.355911,52.357971,215.355911 52.357971,Equatorial Coord 215.355911  +52.357971  J2000,0.000833333,PSO J215.3546+52.3580,-999,-999,-999,170832153545840342,3499089000098578,281191508970119,0,15154190165508,17083,1,2382,5,0.38605720492644,3499089,65470,3,1343750144,160,215.35461351,52.35804999,0.0010000000474974513,0.0010000000474974513,215.35461351,52.35804999,0.0010000000474974513,0.0010000000474974513,56002.10722222,-999.0,-0.49809908412187315,-0.35338708964489995,0.7918427036155973,181.06382322177834,60.12000998798135,95.3569592026294,59.6833371773301,-999,2,0,0,0,0,0,0,-999.0,-999.0,-999.0,-999.0,0,-999.0,-999.0,-999.0,-999.0,-999.0,0,-999.0,-999.0,-999.0,0,16416,-999.0,-999.0,-999.0,-999.0,0,-999.0,-999.0,-999.0,-999.0,-999.0,0,-999.0,-999.0,-999.0,0,16416,-999.0,-999.0,-999.0,-999.0,0,-999.0,-999.0,-999.0,-999.0,-999.0,0,-999.0,-999.0,-999.0,0,16416,-999.0,-999.0,-999.0,-999.0,0,-999.0,-999.0,-999.0,-999.0,-999.0,0,-999.0,-999.0,-999.0,0,114720,-999.0,-999.0,-999.0,-999.0,0,-999.0,-999.0,-999.0,-999.0,-999.0,0,-999.0,-999.0,-999.0,0,16416,0.0007963376580539222
214.162781,53.093254,214.162781 53.093254,Equatorial Coord 214.162781  +53.093254  J2000,0.000833333,PSO J214.1636+53.0932,-999,-999,-999,171712141635682559,3498486000120466,307867550867580,0,15153813620012,17171,1,2382,27,0.605817743209952,3498486,71681,3,1343750144,160,214.16363021,53.09322442,0.0010000000474974513,0.0010000000474974513,214.16363021,53.09322442,0.0010000000474974513,0.0010000000474974513,56063.16726852,-999.0,-0.4968882770311562,-0.3372240378332819,0.7996136494935703,179.00025122926158,60.20066237925049,97.38868928310919,59.60299469096178,-999,1,0,0,0,0,0,0,-999.0,-999.0,-999.0,-999.0,0,-999.0,-999.0,-999.0,-999.0,-999.0,0,-999.0,-999.0,-999.0,0,16416,-999.0,-999.0,-999.0,-999.0,0,-999.0,-999.0,-999.0,-999.0,-999.0,0,-999.0,-999.0,-999.0,0,16416,-999.0,-999.0,-999.0,-999.0,0,-999.0,-999.0,-999.0,-999.0,-999.0,0,-999.0,-999.0,-999.0,0,16416,-999.0,-999.0,-999.0,-999.0,0,-999.0,-999.0,-999.0,-999.0,-999.0,0,-999.0,-999.0,-999.0,0,114720,-999.0,-999.0,-999.0,-999.0,0,-999.0,-999.0,-999.0,-999.0,-999.0,0,-999.0,-999.0,-999.0,0,16416,0.0005108201503903955
334.328705,-17.665495,334.328705 -17.665495,Equatorial Coord 334.328705  -17.665495  J2000,0.000833333,PSO J334.3287-17.6656,-999,-999,-999,86803343286611618,3565676000053403,479928235643036,0,12736781881163,8680,1,960,56,0.841974123233905,3565676,111742,3,444674048,53,334.3287125,-17.66557464,0.0010000000474974513,0.0010000000474974513,334.3287002,-17.66563132,0.09108000248670578,0.09108000248670578,56013.47099537,0.10509999841451645,0.8587924219043311,-0.4127791908770765,-0.30346155548695036,329.8200153587657,-6.559007072454987,39.63942463603066,-53.29819758830299,-999,2,3,0,0,2,1,0,-999.0,-999.0,-999.0,-999.0,0,-999.0,-999.0,-999.0,-999.0,-999.0,0,-999.0,-999.0,-999.0,0,16416,-999.0,-999.0,-999.0,-999.0,0,-999.0,-999.0,-999.0,-999.0,-999.0,0,-999.0,-999.0,-999.0,0,16416,0.9987339973449707,21.756399154663086,0.12536799907684326,0.18307800590991974,2,21.663299560546875,21.913999557495117,20.207000732421875,0.07808999717235565,0.110725998878479,2,20.895000457763672,0.0033160001039505005,0.004813999868929386,2,16892216,0.9959660172462463,21.457399368286133,0.16565300524234772,-999.0,1,21.457399368286133,21.457399368286133,21.220199584960938,0.25366801023483276,-999.0,1,21.131500244140625,0.16565300524234772,-999.0,1,115000,-999.0,-999.0,-999.0,-999.0,0,-999.0,-999.0,-999.0,-999.0,-999.0,0,-999.0,-999.0,-999.0,0,16416,0.00013639670335730626
149.631042,2.491221,149.631042 2.491221,Equatorial Coord 149.631042  +2.491221  J2000,0.000833333,PSO J149.6309+02.4909,-999,-999,-999,110981496309299464,3561760000131031,59304908555949,0,15560560721470,11098,1,1359,60,0.815692379899037,3561760,13808,3,1343750144,160,149.63093312,2.49085367,0.0010000000474974513,0.0010000000474974513,149.63093312,2.49085367,0.0010000000474974513,0.0010000000474974513,55984.47386574,-999.0,-0.861971558328503,0.5050903575352443,0.04345990517305522,150.8527498935096,-9.267250573454056,236.13008323182612,41.887801317687675,-999,1,0,0,0,0,0,0,-999.0,-999.0,-999.0,-999.0,0,-999.0,-999.0,-999.0,-999.0,-999.0,0,-999.0,-999.0,-999.0,0,16416,-999.0,-999.0,-999.0,-999.0,0,-999.0,-999.0,-999.0,-999.0,-999.0,0,-999.0,-999.0,-999.0,0,16416,-999.0,-999.0,-999.0,-999.0,0,-999.0,-999.0,-999.0,-999.0,-999.0,0,-999.0,-999.0,-999.0,0,114720,-999.0,-999.0,-999.0,-999.0,0,-999.0,-999.0,-999.0,-999.0,-999.0,0,-999.0,-999.0,-999.0,0,16416,-999.0,-999.0,-999.0,-999.0,0,-999.0,-999.0,-999.0,-999.0,-999.0,0,-999.0,-999.0,-999.0,0,16416,0.0003830976233050514
215.659485,53.066998,215.659485 53.066998,Equatorial Coord 215.659485  +53.066998  J2000,0.000833333,PSO J215.6604+53.0670,-999,-999,-999,171682156604581100,3499675000008935,307876140688102,0,15154775994684,17168,1,2382,25,0.743994389422233,3499675,71683,3,268513280,32,-999.0,-999.0,-999.0,-999.0,215.66039297,53.06703174,0.02208000048995018,0.02208000048995018,55671.44508102,-999.0,-0.48820723772043734,-0.35030099879025844,0.7993390415111273,180.40324920829187,60.77638969192039,96.02337141746995,59.034012698975175,-999,0,1,0,0,1,0,0,-999.0,-999.0,-999.0,-999.0,0,-999.0,-999.0,-999.0,-999.0,-999.0,0,-999.0,-999.0,-999.0,0,0,-999.0,-999.0,-999.0,-999.0,0,-999.0,-999.0,-999.0,-999.0,-999.0,0,-999.0,-999.0,-999.0,0,0,0.9989519715309143,19.059999465942383,0.01620499975979328,-999.0,1,19.059999465942383,19.059999465942383,19.123899459838867,0.029962999746203423,-999.0,1,19.008800506591797,0.01620499975979328,-999.0,1,24,-999.0,-999.0,-999.0,-999.0,0,-999.0,-999.0,-999.0,-999.0,-999.0,0,-999.0,-999.0,-999.0,0,0,-999.0,-999.0,-999.0,-999.0,0,-999.0,-999.0,-999.0,-999.0,-999.0,0,-999.0,-999.0,-999.0,0,0,0.0005466237544296443
36.295959,-4.618349,36.295959 -4.618349,Equatorial Coord 36.295959  -4.618349  J2000,0.000833333,PSO J036.2959-04.6176,-999,-999,-999,102450362957479170,3505964000009113,363951233704856,0,8947299579638,10245,1,1152,85,0.851281874674635,3505964,84739,3,436363264,52,36.29594991,-4.61757276,0.0010000000474974513,0.0010000000474974513,36.29589768,-4.61761693,0.08130999654531479,0.08130999654531479,56417.5019213,4.540500164031982,0.8033546258105723,0.5900340881567678,-0.08050540355632568,32.37447598973516,-17.97273254999747,171.87113289667064,-58.27966761337794,-999,4,7,1,0,3,3,0,0.9991269707679749,21.878799438476562,0.20357100665569305,-999.0,1,21.878799438476562,21.878799438476562,-999.0,-999.0,-999.0,1,22.854299545288086,0.20357100665569305,-999.0,1,16688,-999.0,-999.0,-999.0,-999.0,0,-999.0,-999.0,-999.0,-999.0,-999.0,0,-999.0,-999.0,-999.0,0,114720,0.9996569752693176,21.636699676513672,0.05159100145101547,0.07334999740123749,2,21.57979965209961,21.683000564575195,-999.0,-999.0,-999.0,2,21.873300552368164,0.5656300187110901,0.9749379754066467,2,115000,0.9984769821166992,21.247900009155273,0.1887200027704239,0.27017998695373535,2,21.088899612426758,21.466299057006836,21.025400161743164,0.3207150101661682,-999.0,1,21.06279945373535,0.11157900094985962,0.1593250036239624,2,115000,-999.0,-999.0,-999.0,-999.0,0,-999.0,-999.0,-999.0,-999.0,-999.0,0,-999.0,-999.0,-999.0,0,114720,0.0007346170795131453
334.186127,-17.83407,334.186127 -17.834070,Equatorial Coord 334.186127  -17.834070  J2000,0.000833333,PSO J334.1861-17.8340,-999,-999,-999,86593341860509540,3565676000111714,479928235703455,0,12745376705752,8659,1,960,56,0.276735533286571,3565676,111742,3,1343750144,160,334.18605005,-17.83400192,0.0010000000474974513,0.0010000000474974513,334.18605005,-17.83400192,0.0010000000474974513,0.0010000000474974513,56132.52149306,-999.0,0.8569555838894701,-0.414525950041779,-0.3062602879620827,329.6313149653762,-6.667038909810627,39.29366287447358,-53.23462880137672,-999,1,0,0,0,0,0,0,-999.0,-999.0,-999.0,-999.0,0,-999.0,-999.0,-999.0,-999.0,-999.0,0,-999.0,-999.0,-999.0,0,16416,-999.0,-999.0,-999.0,-999.0,0,-999.0,-999.0,-999.0,-999.0,-999.0,0,-999.0,-999.0,-999.0,0,16416,-999.0,-999.0,-999.0,-999.0,0,-999.0,-999.0,-999.0,-999.0,-999.0,0,-999.0,-999.0,-999.0,0,114720,-999.0,-999.0,-999.0,-999.0,0,-999.0,-999.0,-999.0,-999.0,-999.0,0,-999.0,-999.0,-999.0,0,16416,-999.0,-999.0,-999.0,-999.0,0,-999.0,-999.0,-999.0,-999.0,-999.0,0,-999.0,-999.0,-999.0,0,16416,0.00010000398052906193
215.136078,53.046726,215.136078 53.046726,Equatorial Coord 215.136078  +53.046726  J2000,0.000833333,PSO J215.1355+53.0473,-999,-999,-999,171652151354857499,3499117000067114,307871845778987,0,15154784440507,17165,1,2382,26,0.654970409027273,3499117,71682,3,268513280,32,-999.0,-999.0,-999.0,-999.0,215.13549563,53.04732978,0.015960000455379486,0.015960000455379486,56042.44125,-999.0,-0.4916206317706659,-0.3459719708961906,0.7991323731220109,179.9471440424765,60.55282947235482,96.45713529308051,59.25856842312158,-999,0,1,1,0,0,0,0,0.9983749985694885,18.04170036315918,0.005429999902844429,-999.0,1,18.04170036315918,18.04170036315918,18.909099578857422,0.017322000116109848,-999.0,1,18.827600479125977,0.005429999902844429,-999.0,1,24,-999.0,-999.0,-999.0,-999.0,0,-999.0,-999.0,-999.0,-999.0,-999.0,0,-999.0,-999.0,-999.0,0,0,-999.0,-999.0,-999.0,-999.0,0,-999.0,-999.0,-999.0,-999.0,-999.0,0,-999.0,-999.0,-999.0,0,0,-999.0,-999.0,-999.0,-999.0,0,-999.0,-999.0,-999.0,-999.0,-999.0,0,-999.0,-999.0,-999.0,0,0,-999.0,-999.0,-999.0,-999.0,0,-999.0,-999.0,-999.0,-999.0,-999.0,0,-999.0,-999.0,-999.0,0,0,0.000697938607505291
334.237732,-17.450634,334.237732 -17.450634,Equatorial Coord 334.237732  -17.450634  J2000,0.000833333,PSO J334.2370-17.4507,-999,-999,-999,87053342369759513,3565726000035532,479945415494347,0,12736770391489,8705,1,960,66,0.883898353096003,3565726,111746,3,436285440,52,334.23694674,-17.45070772,0.0010000000474974513,0.0010000000474974513,334.23701623,-17.45071352,0.0851299986243248,0.0851299986243248,55828.5284375,0.3968000113964081,0.8591499042158367,-0.4146447332436475,-0.29988529020147525,329.81597129509754,-6.3270276573424375,39.91726807271533,-53.13647986013468,-999,3,4,1,2,1,0,0,0.9983929991722107,22.201900482177734,0.17186300456523895,-999.0,1,22.201900482177734,22.201900482177734,21.196699142456055,0.1628420054912567,-999.0,1,21.31290054321289,0.17186300456523895,-999.0,1,16892216,0.9985229969024658,22.174400329589844,0.07783500105142593,0.11038199812173843,2,22.102399826049805,22.258100509643555,22.250699996948242,0.1262120008468628,0.17964699864387512,2,22.420299530029297,0.14519299566745758,0.20596200227737427,2,115000,0.9979789853096008,21.7052001953125,0.14655500650405884,-999.0,1,21.7052001953125,21.7052001953125,22.136499404907227,0.3021810054779053,-999.0,1,22.80940055847168,0.14655500650405884,-999.0,1,115000,-999.0,-999.0,-999.0,-999.0,0,-999.0,-999.0,-999.0,-999.0,-999.0,0,-999.0,-999.0,-999.0,0,16416,-999.0,-999.0,-999.0,-999.0,0,-999.0,-999.0,-999.0,-999.0,-999.0,0,-999.0,-999.0,-999.0,0,16416,0.0006874417640697361
215.305573,52.456078,215.305573 52.456078,Equatorial Coord 215.305573  +52.456078  J2000,0.000833333,PSO J215.3058+52.4563,-999,-999,-999,170942153058568256,3499089000061710,281191508930830,0,15154158184258,17094,1,2382,16,0.68187933664944,3499089,65470,3,268513280,32,-999.0,-999.0,-999.0,-999.0,215.30581995,52.45630423,0.01826000027358532,0.01826000027358532,55972.65,-999.0,-0.4972909655349148,-0.3521774725746712,0.7928888468179314,180.88979120741124,60.17510628758586,95.53148724080353,59.63073978284784,-999,0,1,0,0,0,1,0,-999.0,-999.0,-999.0,-999.0,0,-999.0,-999.0,-999.0,-999.0,-999.0,0,-999.0,-999.0,-999.0,0,0,-999.0,-999.0,-999.0,-999.0,0,-999.0,-999.0,-999.0,-999.0,-999.0,0,-999.0,-999.0,-999.0,0,0,-999.0,-999.0,-999.0,-999.0,0,-999.0,-999.0,-999.0,-999.0,-999.0,0,-999.0,-999.0,-999.0,0,0,0.9120889902114868,16.756799697875977,0.0104179996997118,-999.0,1,16.756799697875977,16.756799697875977,17.09469985961914,0.017030000686645508,-999.0,1,17.041500091552734,0.0104179996997118,-999.0,1,16,-999.0,-999.0,-999.0,-999.0,0,-999.0,-999.0,-999.0,-999.0,-999.0,0,-999.0,-999.0,-999.0,0,0,0.00027170804956966007
189.156586,62.309174,189.156586 62.309174,Equatorial Coord 189.156586  +62.309174  J2000,0.000833333,PSO J189.1562+62.3092,-999,-999,-999,182771891562871726,3808259000035351,328741091838487,0,14688528491319,18277,1,2478,58,0.328818898022938,3808259,76541,3,310456320,37,-999.0,-999.0,-999.0,-999.0,189.15623613,62.30916612,0.030649999156594276,0.030649999156594276,56733.42503472,-999.0,-0.45877922857540004,-0.0739464463313705,0.8854679793774152,148.20728733589434,57.332299013911204,125.91170155456,54.73329955962382,-999,0,1,0,0,0,0,1,-999.0,-999.0,-999.0,-999.0,0,-999.0,-999.0,-999.0,-999.0,-999.0,0,-999.0,-999.0,-999.0,0,0,-999.0,-999.0,-999.0,-999.0,0,-999.0,-999.0,-999.0,-999.0,-999.0,0,-999.0,-999.0,-999.0,0,0,-999.0,-999.0,-999.0,-999.0,0,-999.0,-999.0,-999.0,-999.0,-999.0,0,-999.0,-999.0,-999.0,0,0,-999.0,-999.0,-999.0,-999.0,0,-999.0,-999.0,-999.0,-999.0,-999.0,0,-999.0,-999.0,-999.0,0,0,0.0,18.798200607299805,0.0267340000718832,-999.0,1,18.798200607299805,18.798200607299805,15.694899559020996,0.00609799986705184,-999.0,1,16.738399505615234,0.0267340000718832,-999.0,1,16777744,0.00016277555417877176
189.156586,62.309174,189.156586 62.309174,Equatorial Coord 189.156586  +62.309174  J2000,0.000833333,PSO J189.1566+62.3084,-999,-999,-999,182771891566590825,3808259000035366,328741091838502,0,14688528494241,18277,1,2478,58,0.324234362062285,3808259,76541,3,1375809536,164,189.15666721,62.30843654,0.0010000000474974513,0.0010000000474974513,189.15657708,62.30840018,0.19878000020980835,0.19878000020980835,56816.35403935,-999.0,-0.458790474745693,-0.07395106005303002,0.8854617671021459,148.20852112122972,57.33188881084601,125.9115605695528,54.734077468108495,-999,1,1,0,0,1,0,0,-999.0,-999.0,-999.0,-999.0,0,-999.0,-999.0,-999.0,-999.0,-999.0,0,-999.0,-999.0,-999.0,0,16416,-999.0,-999.0,-999.0,-999.0,0,-999.0,-999.0,-999.0,-999.0,-999.0,0,-999.0,-999.0,-999.0,0,16416,0.9986209869384766,21.285400390625,0.19821299612522125,-999.0,1,21.285400390625,21.285400390625,20.902099609375,0.30040401220321655,-999.0,1,20.832799911499023,0.19821299612522125,-999.0,1,115000,-999.0,-999.0,-999.0,-999.0,0,-999.0,-999.0,-999.0,-999.0,-999.0,0,-999.0,-999.0,-999.0,0,16416,-999.0,-999.0,-999.0,-999.0,0,-999.0,-999.0,-999.0,-999.0,-999.0,0,-999.0,-999.0,-999.0,0,16416,0.0007738311023193598
189.319885,62.278179,189.319885 62.278179,Equatorial Coord 189.319885  +62.278179  J2000,0.000833333,PSO J189.3197+62.2790,-999,-999,-999,182731893197675491,3808259000047326,328741091850462,0,14688530152031,18273,1,2478,58,0.230398008814452,3808259,76541,3,436285440,52,189.31962559,62.27893333,0.0010000000474974513,0.0010000000474974513,189.31973412,62.27895292,0.16498999297618866,0.16498999297618866,55654.37606481,-999.0,-0.459027046621071,-0.07533091098151028,0.8852228105516898,148.34467746970097,57.36689561445964,125.78571088018249,54.770773591175946,-999,2,1,0,0,1,0,0,-999.0,-999.0,-999.0,-999.0,0,-999.0,-999.0,-999.0,-999.0,-999.0,0,-999.0,-999.0,-999.0,0,114720,-999.0,-999.0,-999.0,-999.0,0,-999.0,-999.0,-999.0,-999.0,-999.0,0,-999.0,-999.0,-999.0,0,16416,0.9996370077133179,21.6471004486084,0.16430699825286865,-999.0,1,21.6471004486084,21.6471004486084,21.768400192260742,0.302592009305954,-999.0,1,21.365800857543945,0.16430699825286865,-999.0,1,115000,-999.0,-999.0,-999.0,-999.0,0,-999.0,-999.0,-999.0,-999.0,-999.0,0,-999.0,-999.0,-999.0,0,16416,-999.0,-999.0,-999.0,-999.0,0,-999.0,-999.0,-999.0,-999.0,-999.0,0,-999.0,-999.0,-999.0,0,16416,0.0007770959709078543
34.443066,-5.256643,34.443066 -5.256643,Equatorial Coord 34.443066  -5.256643  J2000,0.000833333,PSO J034.4438-05.2568,-999,-999,-999,101690344437752278,3505029000013560,363869629330679,0,8995927213576,10169,1,1152,69,0.770070709073982,3505029,84720,3,268959744,32,-999.0,-999.0,-999.0,-999.0,34.44376991,-5.25676848,0.25314998626708984,0.25314998626708984,56677.21868056,-999.0,0.821213143595639,0.5632183279614317,-0.09161925471262888,30.32186275401364,-17.94442809754487,170.00860277002386,-59.98288190130865,-999,0,1,0,0,0,1,0,-999.0,-999.0,-999.0,-999.0,0,-999.0,-999.0,-999.0,-999.0,-999.0,0,-999.0,-999.0,-999.0,0,0,-999.0,-999.0,-999.0,-999.0,0,-999.0,-999.0,-999.0,-999.0,-999.0,0,-999.0,-999.0,-999.0,0,0,-999.0,-999.0,-999.0,-999.0,0,-999.0,-999.0,-999.0,-999.0,-999.0,0,-999.0,-999.0,-999.0,0,0,0.7159240245819092,21.229799270629883,0.2527090013027191,-999.0,1,21.229799270629883,21.229799270629883,19.586000442504883,0.18337300419807434,-999.0,1,21.225900650024414,0.2527090013027191,-999.0,1,4120,-999.0,-999.0,-999.0,-999.0,0,-999.0,-999.0,-999.0,-999.0,-999.0,0,-999.0,-999.0,-999.0,0,0,0.0007120922952127096
